Name,Roll No,Parent Contact
Alexander Wright,101,+1-555-0101
Beatrix Potter,102,+1-555-0102
Charlie Davis,103,+1-555-0103
Diana Prince,104,+1-555-0104
Ethan Hunt,105,+1-555-0105
Fiona Gallagher,106,+1-555-0106
George Clark,107,+1-555-0107
Hannah Abbott,108,+1-555-0108
Ian Malcolm,109,+1-555-0109
Julia Roberts,110,+1-555-0110
Kevin Bacon,111,+1-555-0111
Laura Croft,112,+1-555-0112
Michael Scott,113,+1-555-0113
Nina Simone,114,+1-555-0114
Oscar Martinez,115,+1-555-0115
Pamela Beesly,116,+1-555-0116
Quentin Tarantino,117,+1-555-0117
Rachel Green,118,+1-555-0118
Steve Rogers,119,+1-555-0119
Tony Stark,120,+1-555-0120
